imdb_title_id	title	original_title	year	date_published	genre	duration	country	language	director	writer	production_company	actors	description	avg_vote	votes	budget	usa_gross_income	worlwide_gross_income	metascore	reviews_from_users	reviews_from_critics
tt9799984	Falaknuma Das	Falaknuma Das	2019	2019-05-31	Action, Thriller	145	India	Telugu	Vishwak Sen	Chemban Vinod Jose	Vanmaye Creations	Aakash, Ajay, Sunjit Akkinepalli, Master Aman, Aravind, Azhar, Upendra Barman, Basha, Avinash Baswapuram, Bunny, Anmona Chaliha, Chandu, Suri k Chaplin, Prashanthi Charuolingah, Vivek Chepuri	Set in the backdrop of the colonies of falaknuma where a group of youngsters fall into unexpected consequences which lead them to a driving pathway of violence, brutality and ruthlessness.	6.3	543					18.0	3.0
tt9799992	Sang Krasue	Sang Krasue	2019	2019-03-14	Drama, Horror, Romance	122	Thailand	Thai	Sitisiri Mongkolsiri	Sitisiri Mongkolsiri, Chookiat Sakveerakul	Nakid	Phantira Pipityakorn, Oabnithi Wiwattanawarang, Sapol Assawamunkong, Surasak Wongthai, Sahatchai 'Stop' Chumrum, Sahajak Boonthanakit, Makara Supinacharoen, Sasithorn Panichnok, Darina Boonchu, Namngen Boonnark, Phakwan Chaowalit, Pankorn Chantasorn, Ittipat Lekuthaiwan, Punnarat Lasutthi, Makhasiri Thepsittha	"In a far-away village, lived an innocent teenage girl, ""Sai"" who later discovered herself inheriting the curse of ""Krasue"". At night, her head would detach from her body and hunts for flesh..."	6.5	1206	$ 1200000		$ 171229		14.0	23.0
tt9801736	Hvítur, hvítur dagur	Hvítur, hvítur dagur	2019	2019-09-06	Drama	109	Iceland, Denmark, Sweden	Icelandic	Hlynur Palmason	Hlynur Palmason	Danish Film Institute	Ingvar Sigurdsson, Ída Mekkín Hlynsdóttir, Hilmir Snær Guðnason, Sara Dögg Ásgeirsdóttir, Björn Ingi Hilmarsson, Elma Stefania Agustsdottir, Haraldur Stefansson, Laufey Elíasdóttir, Sigurður Sigurjónsson, Arnmundur Ernst Björnsson, Þór Tulinius, Sverrir Þór Sverrisson, Ari Birgir Ágústsson, Jóhann Kristófer Stefánsson, Þorgils Hlynsson	An off duty police begins to suspect a local man for having had an affair with his recently dead wife. Gradually his obsession for finding out the truth accumulates and inevitably begins to endanger himself and his loved ones.	6.9	2207			$ 615217	80.0	12.0	82.0
tt9805110	Sangkar	Sangkar	2019	2019-08-29	Drama, Sport	112	Malaysia	Malay	Kabir Bhatia	Mira Mustaffa	Astro Shaw	Zul Ariffin, Remy Ishak, Mira Filzah, Nik Adam Mika, Zarul Albakri, Carliff Carleel, Peter Davis, Aman Graseka, Fadlan Hazim, James McSweeney, Emelda Rosmila, Rashid Salleh, Niezam Zaidi	The road to redemption of a fighter, who seeks forgiveness from the very man he destroyed.	6.9	121	MYR 3000000				9.0	2.0
tt9805504	Otryv	Otryv	2019	2019-02-14	Thriller	85	Russia	Russian, English	Tigran Sahakyan	Denis Kosyakov, Alexandr Nazarov	Attraction Film Company	Irina Antonenko, Anastasiya Grachyova, Vladimir Gusev, Denis Kosyakov, Andrey Nazimov, Aleksandr Nikitchenko, Ingrid Olerinskaya, Angelina Pikovskaya, Viktoriya Pyatakina, Kseniya Shumeyko, Sergey Todorov, Marina Vasilenko, Elena Vetrova	Five young adults, who want to celebrate New Years Eve on top of a mountain, get stuck in a gondola lift. What started out as an adventurous party, soon becomes a fight for survival.	4.4	1160			$ 353569		31.0	12.0
tt9805740	Pasmerkti. Kauno Romanas	Pasmerkti. Kauno Romanas	2019	2019-02-22	Crime, Drama, Thriller	94	Lithuania	Lithuanian	Ramunas Rudokas	Erikas Kundreckas	Singing Fish	Ramunas Rudokas, Agne Sataite, Sarunas Datenis, Simonas Storpirstis, Tomas Kizelis, Justina Nemanyte, Robertas Lenartavicius	Based on true story of four friends who decided to take over the city. Giedrius is released after serving a long 12 year sentence for unlawful conduct he did with his friends while being a child.	6.1	282			$ 591008		2.0	
tt9806192	Dov'è il mio corpo?	J'ai perdu mon corps	2019	2019-11-29	Animation, Drama, Fantasy	81	France	French	Jérémy Clapin	Jérémy Clapin, Guillaume Laurant	Xilam	Hakim Faris, Victoire Du Bois, Patrick d'Assumçao, Alfonso Arfi, Hichem Mesbah, Myriam Loucif, Bellamine Abdelmalek, Maud Le Guenedal, Nicole Favart, Quentin Baillot, Céline Ronté, Deborah Grall, Pascal Rocher, Bruno Hausler, Jocelyn Veluire	A story of Naoufel, a young man who is in love with Gabrielle. In another part of town, a severed hand escapes from a dissection lab, determined to find its body again.	7.6	24010			$ 1136431	80.0	112.0	106.0
tt9806322	Isi & Ossi	Isi & Ossi	2020	2020-02-14	Comedy, Romance	113	Germany	German	Oliver Kienle	Oliver Kienle	X-Filme Creative Pool	Lisa Vicari, Darcy Rose Byrnes, Dennis Mojen, Lynnea Smith, Langston Uibel, Susan Angelo, Pegah Ferydoni, Ernst Stötzner, Christina Hecke, Lisa Hagmeister, Mostafa Elmorsy, Chris Patrickson, André Eisermann, Hans-Jochen Wagner, Bettina Hoppe	To realize their culinary and boxing dreams, the daughter of a billionaire forms a mutually beneficial alliance with the son of a struggling single mom.	6.4	5423					33.0	15.0
tt9806336	La febbre del cemento	Betonrausch	2020	2020-04-17	Comedy, Drama	94	Germany	German, English	Cüneyt Kaya	Cüneyt Kaya, Cüneyt Kaya	UFA Fiction	David Kross, Emily Goss, Frederick Lau, Janina Uhse, Enrico Lo Verso, Susan Angelo, David Haack, Dejan Bucin, Jerry Kwarteng, Uwe Preuss, Gia Bay, Sophia Thomalla, Pierre Kiwitt, Hannes Wegener, Anne Schäfer	Charting the rise and fall of three corrupt real estate agents who accumulate absurd wealth in no time but fall into a vortex of fraud, greed and drugs.	5.7	3385				40.0	32.0	26.0
tt9808564	Happy Sardar	Happy Sardar	2019	2019-11-28	Comedy, Romance	153	India	Malayalam	Sudip Joshy, Geethika Sudip	Sudip Joshy, Geethika Sudip	Achicha Cinemas	Kalidas Jayaram, Siddique, Javed Jaffrey, Sreenath Bhasi, Merin Philip, Sharafudheen, Sinil Sainuddin, Balu Varghese, Sebastian Sebootty, Maala Parvathi, Praveena, Siddhi Mahajankatti, Dinesh Mohan, Vijilesh Karayad, Anoop Chandran	Happy, a timid Sardar living in Patiala, finds his life turned upside down when he falls in love with Mary, a Malayali Knanaya Christian girl. His folks want a Punjabi shaadi and Mary's father is adamant on having a Christian wedding.	3.4	172	INR 50000000		$ 29319		7.0	1.0
tt9809140	Todas las pecas del mundo	Todas las pecas del mundo	2019	2019-09-27	Comedy, Romance, Sport	91	Mexico	Spanish	Yibran Asuad	Yibran Asuad, Javier Peñalosa	Panorama Global	Hanssel Casillas, Daniel Haddad, Anajosé Aldrete Echevarria, Mauricio Arvizu, Andrea Sutton, Marcelo Barceló, Savitri Alpizar, Montserrat Marañon, Axel Contreras, Emiliano Castro, Daniel Vidal, Alejandro Flores, Luis de La Rosa, Enzo Fusaro, Francesca Fusaro	"""All the Freckles in the World"" story of a boy in his early teens trying to get attention of the school's pretty girl. Set in 90's Mexico City"	5.2	976			$ 426801		19.0	7.0
tt9810090	Kyô mo iyagarase bentô	Kyô mo iyagarase bentô	2019	2019-06-28	Comedy, Drama, Family	106	Japan	Japanese	Renpei Tsukamoto	Renpei Tsukamoto	Django Film	Ryôko Shinohara, Kyôko Yoshine, Rena Matsui, Kanta Satô, Ryûta Satô, Tomoko Murakami, Yoshinori Okada, Reina Usui, Kasumi Yamaya	Wishing to open up another line of communication with her rebellious teenage daughter, in the name of light-hearted revenge, single mother Kaori begins creating embarrassingly sweet messages in her child's lunchbox meals. Will it work?	6.7	249					4.0	3.0
tt9810420	A Second Chance: Rivals!	A Second Chance: Rivals!	2019	2020-02-05	Drama, Family, Sport	89	Australia	English	Clay Glen	Clay Glen	Glenpictures	Emily Morris, Stella Shute, Adam Tuominen, Carmel Johnson, Nina Pearce, Natasha Wanganeen, Eva Grados, India Colombi, Alexander Lloyd, Elysia Markou, Larrissa Miller, Sally Pearson	It's city girls vs country girls in the most competitive gymnastics showdown ever. Get ready to tumble in A SECOND CHANCE: RIVALS!..	4.7	103					8.0	1.0
tt9811374	Inséparables	Inséparables	2019	2019-09-04	Comedy	94	France	French, Russian	Varante Soudjian	Thomas Pone, Thomas Pone	CCJ Films	Ahmed Sylla, Alban Ivanov, Judith El Zein, Ornella Fleury, Amir El Kacem, Christian Bujeau, David Salles, Jean-Philippe Ricci, Pierre-Marie Mosconi, Laurence Yayel, Adrien Robineau, Christian Mulot, Marie Berto, Mohamed Thiam, Neva Kehouane	A fan of the Russian president is in a cell with the character played by Ahmed Sylla.	5.7	445			$ 61905		3.0	1.0
tt9811598	Chaos	Chaos	2019	2019-02-16	Drama, Fantasy	126	Russia, Ukraine, Austria, Tunisia	English, Russian	Sergey A.	Sergey A.	Terra Studio	Sergey A., Nikolay Yeriomin	In our world there is no stability. Our film is one continuous chaos that cannot be controlled.	8.3	121	RUR 50					1.0
tt9812258	G-Loc	G-Loc	2020	2020-08-11	Sci-Fi	92	UK	English	Tom Paton	Tom Paton	Goldfinch	Stephen Moyer, Tala Gouveia, Casper Van Dien, Emily Haigh, Toby Osmond, Shayne Ward, Alana Wallace, Mike Beckingham, John Rhys-Davies, Spencer Collings	Bran flees the cold, uninhabitable Earth. He hopes to get to Rhea, colonized by humans 582 years ago. Rheans are against new arrivals from Earth. He boards a Rhean spaceship with a cute, feisty Rhean.	5.5	1012					18.0	5.0
tt9812614	Håp	Håp	2019	2019-11-22	Drama, Romance	126	Norway, Sweden	Norwegian, Swedish	Maria Sødahl		Motlys	Andrea Bræin Hovig, Stellan Skarsgård, Terje Auli, Ingrid Bugge, Hala Dakhil, Dina Enoksen Elvehaug, Uma Feed, Eirik Hallert, Steinar Klouman Hallert, Kristin Voss Hestvold, Johannes Joner, Gjertrud L. Jynge, Thomas Tetens Moe, Alexander Mørk Eidem, Elli Rhiannon Müller Osbourne	The relationship between artist-partners Tomas and Anja is put to the test after Anja gets a life-threatening diagnosis.	7.5	321			$ 563170		1.0	16.0
tt9815084	A Very British Christmas	A Very British Christmas	2019	2019-11-23	Family	90	UK	English	Steven Nesbit	Steven Nesbit, Karl Hall	Studio KS1	Rachel Shenton, Mark Killeen, Isla Cook, Michele Dotrice, Jennifer Bryer, Steve Evets, Adam Fogerty, Tony Fillingham, Luke Vaughan, Kab Silva, Beth Moore, Brenda Kellett, Sally Marwood, Jennifer Nesbitt, Paul Barber	Opera singer Jessica's flight to her concert in Vienna gets delayed and she is stuck in a remote area of England. The only place to stay is a bed-and-breakfast in an enchanting village run by a handsome widower named Andrew.	6.1	203					26.0	
tt9815714	The Hard Way	The Hard Way	2019	2019-03-05	Action	92	USA	English	Keoni Waxman	Thomas J. Churchill, Keoni Waxman	Actionhouse Pictures	Michael Jai White, Luke Goss, Randy Couture, Madalina Anea, Grant Campbell, George Remes, Ovidiu Niculescu, Andreea Diac, Michaela Holla, Bogdan Farcas, Daniel Onuoha, Dan Cade, Cosmin Dominte, Elias Ferkin, Adina Stetcu	After learning his brother died on a mission in Romania, a former soldier teams up with two allies to hunt down a mysterious enemy and exact revenge.	4.8	2357	$ 3000000				50.0	14.0
tt9815998	Terapia di letto	Hooking Up	2020	2020-03-20	Comedy, Drama	104	USA	English	Nico Raineau	Nico Raineau, Lauren Schacher	Yale Productions	Brittany Snow, Sam Richardson, Anna Akana, Amy Pietz, Jordana Brewster, Vivica A. Fox, Shaun J. Brown, Alexis G. Zall, Brianna Adams, Michael Benefield, Paul Blain, Jason Bremer, Prestin T. Brown, Simply Phillip Brown, Latrice Butts	After he receives a new cancer diagnosis and she is fired from her job as a sex columnist, Bailey and Darla take a road trip that forces them to get intimate with their issues, as well as each other.	5.2	807				44.0	11.0	13.0
tt9816396	Kaguya-sama wa kokurasetai ~ Tensai tachi no ren'ai zunô sen ~	Kaguya-sama wa kokurasetai ~ Tensai tachi no ren'ai zunô sen ~	2019	2019-09-06	Comedy, Drama, Romance	113	Japan	Japanese	Hayato Kawai	Aka Akasaka, Yûichi Tokunaga	Chubu-nippon Broadcasting Company (CBC)	Shô Hirano, Kanna Hashimoto, Hayato Sano, Natsumi Ikema, Nana Asakawa, Mayu Hotta, Yutaro Goto, Amu Fukao, Angelo Minoru Kawajiri, Aoi Koga, Jirô Satô, Masahiro Takashima	A high school girl and boy are part of the student council at a pricey school. They have a crush on one another, but have kept it under wraps so far. With awareness and an inkling of what ...	5.7	123					4.0	
tt9816970	Majaray Nimrooz: Radde Khoon	Majaray Nimrooz: Radde Khoon	2019	2019-09-25	Action, Drama, History	130	Iran	Persian, Arabic, Kurdish	Mohammad Hossein Mahdavian	Ebrahim Amini, Hosein Torabnejad	Farabi Cinema Foundation	Javad Ezati, Hadi Hejazifar, Behnoosh Tabatabaei, Mohsen Kiayee, Hasti Mahdavifar, Mahdi Zaminpardaz, Hosein Mehri, Mohammad Asgari, Amir Ahmad Ghazvini, Amir Hossein Hashemi, Hossein Fallah, Vahid Sheykhlar, Niloufar Shahfari	Before the war between Iran and Iraq ends the Iranians find that Mojahedin's members are spying on them and are about to do an operation against Iran. They send two special agents to ...	6.4	582					3.0	41.0
tt9816988	Talla	Talla	2019	2020-04-29	Drama	83	Iran	Persian	Parviz Shahbazi	Parviz Shahbazi		Negar Javaherian, Houman Seyyedi, Tannaz Tabatabaei, Mehrdad Sedighian, Hoda Zeinolabedin, Ehteram Boroumand, Hamoun Seyyedi, Helsa Zolfi, Ehsan Amani, Abolhasan Moravvej, Bijan Afshar, Fatemeh Mortazi	Few youngsters decide to with the help of each other start a restaurant business. But meanwhile the father of one of them dies and a big sum of money is disappear too which begin their troubles.	5.2	311					3.0	15.0
tt9817018	Shabi Ke Mah Kamel Shod	Shabi Ke Mah Kamel Shod	2019	2019-06-05	Crime, Drama, Romance	131	Iran	Persian, Urdu	Narges Abyar	Narges Abyar, Morteza Esfahani	Haft Honar Mandegar	Elnaz Shakerdust, Hootan Shakiba, Fereshteh Sadre Orafaiy, Pedram Sharifi, Shabnam Moghadami, Farid Sajjadi Hosseini, Armin Rahimian, Amin Miri, Banipal Shoomoon, Sana Patkareh, Mandana Moezipour, Mahta Mohaddes, Sadra Abyar, Esmaeil Moradi, Mohsen Noori	In the market Abdolhamid meets Faezeh and falls in love with her. They get marry and begin their life. But after a while Faezeh becomes aware of Abdolhamid's family in Sistan and ...	6.7	1442					15.0	43.0
tt9817044	Ghasam	Ghasam	2019	2019-07-31	Drama	84	Iran	Persian	Mohsen Tanabandeh	Mohsen Tanabandeh		Mahnaz Afshar, Saeed Aghakhani, Hassan Pourshirazi, Mehran Ahmadi, Giti Moeeni, Hossein Maleki, Mojtaba Tabatabaei, Azadeh Mehdizade, Hossein Pourkarimi, Nazanin Fallahi, Abbas Shoja, Zahra Behrouz Manesh, Mohammad Tanabandeh, Samed Ramezani, Nahid Ghahremani	A woman Rezvan is being murdered. Her sister Razieh takes her family and relatives in a bus from Gorgan to Mashhad to witness against the husband of Rezvan that he is the murderer. But in ...	6.3	492					4.0	35.0
tt9817070	Metri Shesh Va Nim	Metri Shesh Va Nim	2019	2019-03-17	Action, Crime, Drama	131	Iran	Persian	Saeed Roustayi	Saeed Roustayi	Boshra Film	Payman Maadi, Navid Mohammadzadeh, Parinaz Izadyar, Farhad Aslani, Houman Kiai, Maziar Seyedi, Ali Bagheri, Marjan Ghamari, Yusef Khosravi, Mehdi Hoseini-nia, Gity Ghasemi, Asghar Piran, Mohammad Ali Mohammadi, Peyman Ghasemzadeh, Javad Pourheidari	The police are after a drug lord named Naser Khakzad, but when they finally manage to catch him, he tries whatever he can think of to escape and save his family.	7.9	5658					20.0	52.0
tt9817300	15 August	15 August	2019	2019-03-29	Drama	124	India		Swapnaneel Jaykar	Yogesh Vinayak Joshi	RnM Motion Pictures	Abhishek Deshmukh, Mrinmayee Deshpande, Namrata Kadam, Addinath Kothare, Vaibhav Mangale, Rahul Pethe	On India's Independence Day, a zany mishap in a Mumbai chawl disrupts a young love story while compelling the residents to unite in aid of a little boy.	5.8	199					6.0	4.0
tt9817760	Jai Mummy Di	Jai Mummy Di	2020	2020-01-17	Comedy, Drama, Romance	103	India	Hindi	Navjot Gulati	Navjot Gulati	Luv Films	Poonam Dhillon, Supriya Pathak, Sunny Singh Nijjar, Sonnalli Seygall, Alok Nath, Rajendra Sethi, Veer Rajwant Singh, Danish Husain, Shiwani Saini, Sanndeep D. Bose, Sukhwinder Chahal, Samarth Shandilya, Bhuvan Arora, Babla Kochar, Madhu Sachdeva	Jai Mummy Di is a light-hearted family comedy that portrays the trials and tribulations a couple has to undergo due to the dynamics between their respective mothers.	3.6	661			$ 413764		37.0	7.0
tt9818102	Yowis Ben 2	Yowis Ben 2	2019	2019-03-14	Comedy, Drama	109	Indonesia	Indonesian	Fajar Nugros, Bayu Skak	Bagus Bramanti	StarVision Plus	Bayu Skak, Joshua Suherman, Brandon Salim, Tutus Thomson, Anya Geraldine, Anggika Bolsterli, Devina Aureel, Laura Theux, Timo Scheunemann, Arief Didu, Tri Yudiman, Cut Meyriska, Glenca Chysara, Aliyah Faizah, Clairine Clay	The popularity of Yowis Ben in Malang doesn't resolve Bayu's financial problems. The other members also have their own problems. Then they are introduced to Cak Jim who claims can raise them become a national artist.	7.2	197					2.0	4.0
tt9820352	Villain	Villain	2020	2020-02-28	Action, Crime, Drama	97	UK	English	Philip Barantini	Greg Hall, George Russo	Ascendant Films	Craig Fairbrass, Robert Glenister, George Russo, Mark Monero, Izuka Hoyle, Taz Skylar, Tomi May, Nicholas Aaron, Lauryn Ajufo, Eloise Lovell Anderson, Jade Asha, Selom Awadzi, Cassie Bancroft, Jamie Crew, Sergio Dondi	Eddie Franks is a former criminal who attempts to help his family by reconnecting with his daughter and clearing his brother's debt. Despite his efforts, he is drawn back into a criminal way of life, with devastating consequences.	5.7	649				68.0	40.0	37.0
tt9820594	Misteri Dilaila	Misteri Dilaila	2019	2019-02-21	Horror, Thriller	82	Malaysia	Malay, English	Syafiq Yusof	Syafiq Yusof	Skop Productions Sdn. Bhd.	Zul Ariffin, Elizabeth Tan, Rosyam Nor, Sasqia Dahuri, Namron, Mas Khan, Iz Sulaini, Kenji Sawahii, Nafiez Zaidi	Jefri's wife, Dilaila, goes missing on their vacation and when she is found, he discovers the woman is not her even though she insists that she is.	5.4	145					4.0	8.0
tt9822706	Wet Season	Wet Season	2019	2019-11-28	Drama	103	Singapore, Taiwan	English, Mandarin, Hokkien	Anthony Chen	Anthony Chen	Giraffe Pictures	Jia Ler Koh, Christopher Ming-Shun Lee, Shi Bin Yang, Yann Yann Yeo	A teacher and student at a Singapore high school form a special, self-affirming bond.	6.8	498					7.0	17.0
tt9823170	Czarny Mercedes	Czarny Mercedes	2019	2019-10-04	Crime, War	110	Poland	Polish, German	Janusz Majewski	Wlodzimierz Kowalewski, Janusz Majewski	Polski Instytut Sztuki Filmowej	Maria Debska, Aleksandar Milicevic, Artur Zmijewski, Andrzej Zielinski, Lukasz Sikora, Sonia Bohosiewicz, Andrzej Mastalerz, Izabela Dabrowska, Andrzej Baranowski, Przemyslaw Bluszcz, Andrzej Seweryn, Natalia Rybicka, Marcel Sabat, Boguslaw Linda, Maciej Winkler	The story of the investigation to unravel the mysterious death of a beautiful young woman in Nazi-occupied Warsaw. She is not Krystyna Holzer, as stated in her kennkarte (German-issued ...	5.2	165			$ 90549			
tt9825006	Avant qu'on explose	Avant qu'on explose	2019	2019-02-28	Comedy	108	Canada	French	Rémi St-Michel	Eric K. Boulianne	Christal Films	Étienne Galloy, Amadou Madani Tall, William Monette, Julianne Côté, Monia Chokri, Brigitte Poupart, Antoine Olivier Pilon, Rose-Marie Perreault, Denis Harvey, Jessica Iacobaccio, Elizabeth Tremblay-Gagnon, Laurie Babin, William Cantin, K.C. Coombs, Rodley Pitt	The Third World War is on the horizon. Despite attempts at nuclear deterrence, the threat of atomic bombings between North Korea and the United States is bringing the world's population ...	6.6	100	CAD 3850000	$ 119894	$ 119894			2.0
tt9827784	Sayonara kuchibiru	Sayonara kuchibiru	2019	2019-05-31	Drama, Music, Romance	116	Japan	Japanese	Akihiko Shiota	Akihiko Shiota	Culture Entertainment Co.	Mugi Kadowaki, Nana Komatsu, Ryô Narita, Takaya Aoyagi, Marika Matsumoto, Yûya Matsuura, Masaki Naito, Yukiko Shinohara, Akinobu Shinoyama, Yuzumi Shintani, Makita Sports, Marika Yamakawa	Haru and Reo perform as musical duo Haru-Reo. With their indie music, they suddenly get popular. Even with their newfound success, they decide to disband the duo. Haru-Reo go on one last ...	6.9	241					1.0	2.0
tt9828918	#IoSonoQui	#jesuislà	2019	2020-02-05	Comedy	97	France, Belgium	French	Eric Lartigau	Thomas Bidegain, Thomas Bidegain	Rectangle Productions	Alain Chabat, Doona Bae, Blanche Gardin, Ilian Bergala, Jules Sagot, Camille Rutherford, Delphine Gleize, Lazare Lartigau, Vincent Nemeth, Nathalie Lacroix, Lisa Maumy, Nicolas Santos, Guillaume Etchegorry, Christian Duplaissy, Eric Lartigau	Stéphane lives a quiet life as an eminent French Chef but when he decides to visit Soo, a mysterious Korean lady he fell in love with on Instagram, he'll embark on an adventurous journey full of discoveries.	6.0	415			$ 1446784		3.0	10.0
tt9831136	The Banana Splits Movie	The Banana Splits Movie	2019	2019-08-13	Comedy, Horror, Sci-Fi	89	USA, South Africa, Canada	English	Danishka Esterhazy	Jed Elinoff, Scott Thomas	Blue Ice Pictures	Dani Kind, Steve Lund, Celina Martin, Finlay Wojtak-Hissong, Sara Canning, Romeo Carere, Maria Nash, Naledi Majola, Richard White, Kiroshan Naidoo, Keeno Lee Hector, Lia Sachs, Lionel Newton, Daniel Fox, Vash Singh	A family attends a live taping of The Banana Splits television series, but are forced to survive as soon as the characters go haywire and start a killing spree around the studio.	5.0	2373					124.0	59.0
tt9834062	Ahaa Re	Ahaa Re	2019	2019-02-22	Drama	150	India	Bengali	Ranjan Ghosh	Ranjan Ghosh	Bhavna Aaj-O-Kal	Arifin Shuvo, Rituparna Sengupta, Amrita Chattopadhyay, Paran Banerjee, Dipankar Dey, Shakuntala Barua, Anuvab Pal, Shubhro Sankha Das, Alamgir, Rabiranjan Maitra	Two completely different persons from two different countries and religion but one thing bond them together, that's their love for cooking.	7.3	189					5.0	21.0
tt9834492	Yalda	Yalda	2019	2020-08-27	Drama	89	Iran, France, Germany, Switzerland, Luxembourg, Lebanon	Persian	Massoud Bakhshi	Massoud Bakhshi	JBA Production	Sadaf Asgari, Behnaz Jafari, Babak Karimi, Fereshteh Sadre Orafaiy, Forough Ghajabagli, Arman Darvish, Fereshteh Hosseini, Zakieh Behbahani, Ramona Shah, Faghiheh Soltani	Maryam is a young woman who is accused of murdering her husband and is sentenced to death. In the Yalda night they bring her to a live TV show so that Mona who is the only daughter of the ...	6.1	111					1.0	20.0
tt9838372	Fei fen shu nü	Fei fen shu nü	2019	2019-04-04	Drama	108	Hong Kong		Tsui Shan Tsang	Anna Yuet Shan Lai, Link Sng	Emperor Film Production	Charlene Choi, Kang Ren Wu, Tony Liu, Cecilia Yip, Deep Ng, Alex Tak-Shun Lam, Hedwig Tam, Ashina Kwok, Tai-Bo, Chi-Shing Au, Chuen-Wah Chan, Daniel Yee Heng Chan, Po-Yan Chan, Tsz-Fung Chan, Wing-Yin Chan	Siu Man is a nurse who has lost who she is as a person. Her marriage has ended partly due to her fear of intimacy and, having been abandoned by her husband, she now faces losing her father ...	5.0	184			$ 459289		3.0	3.0
tt9839040	Murphy's Law: Ghanoone Morfi	Murphy's Law: Ghanoone Morfi	2019	2019-01-02	Action, Comedy, Fantasy	98	Iran	Persian	Rambod Javan	Mohammad Ali Hoseini, Pooria Shojaei		Amir Jadidi, Amir Jafari, Rambod Javan, Danial Ghaffarzadeh, Mahsa Tahmasebi, Sorush Sehhat, Arsha Aghdasi, Sirus Gorjestani, Hadi Kazemi, Behzad Ghadyanloo, Anahita Dargahi, Mohammad Shiri, Neda Aghighi, Nahid Moslemi	Bahman's daughter is kidnapped. Farokh recently fired as a police man is going to help him find his daughter and.	3.5	431	IRR 35000000000				5.0	24.0
tt9840382	Se mi vuoi bene	Se mi vuoi bene	2019	2019-10-17	Comedy	100	Italy	Italian	Fausto Brizzi	Fausto Brizzi, Martino Coli	Eliseo Cinema	Claudio Bisio, Sergio Rubini, Dino Abbrescia, Lorena Cacciatore, Valeria Fabrizi, Flavio Insinna, Susy Laude, Maria Amelia Monti, Lucia Ocone, Cochi Ponzoni, Memo Remigi, Elena Santarelli, Gianmarco Tognazzi, Angelica Barbareschi, Alberto Barbi	A man with a knack for accidentally setting off catastrophes decides to help out the people around him and proceeds to cause them even more trouble.	5.5	101			$ 976473			6.0
tt9840958	Love Struck Sick	Love Struck Sick	2019	2019-08-08	Romance	92	USA	English	Don Tjernagel	Matt Lee Ingebritson, Don Tjernagel		Jordan Abbe, Jim Averill, Mikey Averill, Josh Bash, Donna Baumgartner, Thomas Benedict, Clint Boevers, Joe Brown, J.P. Bunn, Kelsea Clements, Brianna Cool, Robyn Cusmano, Caleb DeGraw, Al Eacret, Kyla Faith	This movie is all about one of the greatest YouTubers of all time, AlienAmerican. He is legendary, a man of his time, yet so far beyond it as well.	7.2	249	$ 7000					
tt9843470	La isla de las mentiras	La isla de las mentiras	2020	2020-05-14	Drama	93	Spain, Portugal, Argentina	Spanish	Paula Cons	Paula Cons, Luis Marías	Agallas Films	Nerea Barros, Darío Grandinetti, Aitor Luna, Victoria Teijeiro, Ana Oca, Milo Taboada, Leyre Berrocal, Miguel Borines, Celso Bugallo, Mela Casal, María Costas, Roberto Leal, Sergio Quintana, Machi Salgado, Ana Santos	In the early morning of January 2, 1921, amid a thick fog, the steam Santa Isabel, with 260 emigrants bound for Buenos Aires, sank off the rugged and rugged coast of the island of Sálvora.	5.7	112						7.0
tt9844256	Code Geass: Lelouch of the Rebellion Episode III	Code Geass: Lelouch of the Rebellion Episode III	2018	2018-05-26	Animation, Action, Sci-Fi	120	Japan	Japanese	Gorô Taniguchi	Gorô Taniguchi, Ichirô Ôkouchi		Jun Fukuyama, Takahiro Sakurai, Yukana Nogami, Ami Koshimizu, Norihiro Inoue, Kaori Nazuka, Takahiro Mizushima, Ken Narita, Jôji Nakata, Saeko Chiba, Yûko Gotô, Sôichirô Hoshi, Atsushi Kisaichi, Hikaru Midorikawa, Masayo Kurata	A remake of the last 9 episodes in Code Geass R2, which is a prequel to Lelouch of the Resurrection.	7.7	184						1.0
tt9844358	Satsujinki o kau onna	Satsujinki o kau onna	2019	2019-04-12	Horror	82	Japan	Japanese	Hideo Nakata	Kaori Yoshida, Kei Ôishi	Happinet.	Rin Asuka, Shin'ya Hamada, Airi Matsuyama, Kenji Mizuhashi, Hitomi Nakatani, Toshie Negishi, Mutsuo Yoshioka, Shôka Ôshima	When Kyoko was a child her stepfather loved her sexually. She took refuge in the world of fantasy and multiple personalities. Kyoko has three flat-mates now one of whom is a lesbian who is ...	5.2	101						
tt9844368	Out of Liberty	Out of Liberty	2019	2019-09-13	Drama, Western	111	USA	English	Garrett Batty	Stephen Dethloff, Garrett Batty	Three Coin Productions	Cate Allen, Corbin Allred, Larry Bagby, Casey Elliott, Travis Farris, Morgan Gunter, Jerome Brad Halgren, Danny James, Adam Johnson, Cherie Julander, Brandon Ray Olive, Elizabeth Parson, Brock Roberts, Shawn Stevens, Jake Ulasich	Winter 1839. LIBERTY, MISSOURI. Local jailer, Samuel Tillery (Jasen Wade) is tasked with watching Missouri's most wanted men as they await their upcoming hearing. Caught between the local ...	4.5	272		$ 265279	$ 265279		16.0	4.0
tt9845110	Deux	Deux	2019	2020-02-12	Comedy, Drama	99	France, Luxembourg, Belgium	French, German	Filippo Meneghetti	Malysone Bovorasmy, Filippo Meneghetti	Paprika Films	Barbara Sukowa, Martine Chevallier, Léa Drucker, Jérôme Varanfrain, Muriel Bénazéraf, Augustin Reynes, Hervé Sogne, Stéphane Robles, Eugénie Anselin, Véronique Fauconnet, Aude-Laurence Clermont Biver, Denis Jousselin, Alice Lagarde, Paloma Dumaine, Sasha Roy Bellina	Pensioners Nina and Madeleine have hidden their deep and passionate love for many decades, but their bond is put to the test when they are suddenly unable to move freely between each other's apartments.	7.2	434	EUR 2400000		$ 172971		8.0	29.0
tt9845398	Fin de siglo	Fin de siglo	2019	2020-02-06	Drama	84	Argentina	Spanish, Catalan	Lucio Castro	Lucio Castro		Juan Barberini, Ramon Pujol, Mía Maestro, Mariano Lopez Seoane, Helen Celia Castro-Wood	Two men meet in Barcelona and after spending a day together they realize that they have already met twenty years ago.	6.9	1873		$ 66309	$ 79607	80.0	23.0	31.0
tt9850050	Charter	Charter	2020	2020-03-13	Drama	94	Sweden, Norway, Denmark	Swedish, English, Spanish	Amanda Kernell	Amanda Kernell	Det Danske Filminstitut	Ane Dahl Torp, Sverrir Gudnason, Troy Lundkvist, Tintin Poggats Sarri, Johan Bäckström, Eva Melander, Siw Erixon, Sofia Jannok, Caroline Söderström, Anna Granquist, Anton Hennix Raukola, Gudrun Ella-Marge P. Nutti, Ayla Gáren Audhild P. Nutti, Luis Luifer Fernandez Munoz, Gabriel Guevara	After a divorce, Alice hasn't seen her children in two months as she awaits a custody verdict. When her son calls her in the middle of the night, Alice takes action, abducting the children on an illicit charter trip to the Canary Islands.	6.5	244					2.0	10.0
tt9850064	Children of the Sea	Kaijû no kodomo	2019	2019-12-02	Animation, Adventure, Drama	111	Japan	Japanese	Ayumu Watanabe	Daisuke Igarashi, Hanasaki Kino	Beyond C.	Mana Ashida, Hiiro Ishibashi, Seishû Uragami, Win Morisaki, Anjali Gauld, Lynden Prosser, Benjamin Niedens, Beau Bridgland, Marc Thompson, Karen Strassman, Wally Wingert, Michael Sorich, Denise Lee, Josh Petersdorf, Christine Marie Cabanos	A young girl is drawn into a mystery involving sealife around the world, in which two mysterious boys are somehow involved.	6.5	1148			$ 2789668		8.0	37.0
tt9850264	Bruno Manser - Die Stimme des Regenwaldes	Bruno Manser - Die Stimme des Regenwaldes	2019	2020-10-22	Adventure, Biography, Drama	142	Switzerland, Austria	English, Swiss German, German	Niklaus Hilber	David Clemens, Niklaus Hilber	A Film Company	Sven Schelker, Charlotte Heinimann, Daniel Ludwig, Matthew Crowley, Elizabeth Ballang, Nick Kelesau, Benjamin Mathis, Raad Rawi, David Tse, Verdi Solaiman, Björn Freiberg, Mike Lucock, Martin Fisher, Vera Flück, Silvio Kretschmer	1984: Searching for an experience that goes deeper than the superficiality of modern civilization,	7.6	229					4.0	4.0
tt9855978	Dreambuilders - La fabbrica dei sogni	Drømmebyggerne	2020	2020-09-10	Animation, Adventure, Comedy	81	Denmark	Danish	Kim Hagen Jensen, Tonni Zinck	Søren Grinderslev Hansen, Kim Hagen Jensen	First Lady Film	Robyn Dempsey, Emma Jenkins, Luke Griffin, Tom Hale, Karen Ardiff, Brendan McDonald, Alberte Winding, Stephanie Vazquez, Paul Tylak	It centers on Minna, a young girl who misuses her newfound ability to create and control other people's dreams to teach her bothersome stepsister a lesson.	6.3	174			$ 820539		4.0	20.0
tt9855990	Nightmare Tenant	Nightmare Tenant	2018	2018-12-05	Thriller	90	USA	English	Robert Malenfant	Scott Collette, Scott Collette		Virginia Tucker, Lauralee Bell, Maahra Hill, Heather Hopkins, Jon Briddell, Karlisha Hurley, John J. Jordan, Darrett Sanders, Beth Fraser, Gar-Ye Lee, Manny Rodriguez	Dr. Carol Allen (Lauralee Bell), a kind-hearted Ivy League alum and single mom whose high-achieving and well-rounded daughter (Heather Hopkins) gets accepted into the same university. At ...	5.4	160					9.0	2.0
tt9856606	Pan T.	Pan T.	2019	2019-12-25	Comedy, Drama	103	Poland	Polish	Marcin Krzysztalowicz	Andrzej Golda, Marcin Krzysztalowicz	Propeller Film	Pawel Wilczak, Sebastian Stankiewicz, Maria Sobocinska, Jerzy Bonczak, Wojciech Mecwaldowski, Zdzislaw Wardejn, Anna Ilczuk, Katarzyna Gniewkowska, Przemyslaw Bluszcz, Katarzyna Warnke, Jacek Braciak, Grzegorz Wojdon, Wojciech Wysocki, Pawel Nowisz, Tomasz Sapryk	Anything is possible in Warsaw rising from the war rubble in 1953. The omnipresent uncertainty, denunciations, and the sense of constant surveillance are tamed with the help of vodka and ...	5.9	320			$ 202432		2.0	
tt9859504	Hombres de piel dura	Hombres de piel dura	2019	2019-06-20	Drama	96	Argentina	Spanish	José Celestino Campusano	José Celestino Campusano	Compañia de Cine	Wall Javier, Germán Tarantino, Claudio Medina, Juan Salmieri, Camila Diez, Sergio Sarria, Malena Majul Lieun, Mauro Altschuler, Pedro Meza, David Maldonado, Joel Maluenda, Reyna Vivas, Estefanía D'Anna, María Laura Álvarez	Teenager Ariel lives a seemingly quiet life with his father and sister on their picturesque farm in a rural part of Buenos Aires. However, unbeknownst to his family, Ariel has been abused ...	5.5	217			$ 1143		2.0	6.0
tt9860728	Falling Inn Love - Ristrutturazione con amore	Falling Inn Love	2019	2019-08-29	Comedy, Romance	98	USA	English	Roger Kumble	Elizabeth Hackett, Hilary Galanoy		Christina Milian, Adam Demos, Jeffrey Bowyer-Chapman, Anna Jullienne, Claire Chitham, Blair Strang, Jonathan Martin, William Walker, Daniel Watterson, Simone Walker, Arlo MacDiarmid, Johnny Bright, Lucy Wigmore, Irene Wood, J.J. Fong	When city girl Gabriela spontaneously enters a contest and wins a rustic New Zealand inn, she teams up with bighearted contractor Jake Taylor to fix and flip it.	5.6	14108					265.0	32.0
tt9860860	Abduction 101	Abduction 101	2019	2019-06-25	Horror	77	USA	English	Robin Entreinger, Steve Noir	Robin Entreinger, Steve Noir	Seven Light	Luna Labelle, Nixi Oblivion, Brianna Shewbert Rouse, Adrienne Stone	Three beautiful women find a strange house in the woods. They decide to sneak in and see what's going on - They do not expect this nightmare to begin.	2.3	174	$ 500000				14.0	3.0
tt9861522	Ali	Ali	2019	2019-03-22	Drama	110	Turkey	Turkish	Ramazan Özer	Gurbet Gurur Canturk	Efektif Sanat	Gürbey Ileri, Hakan Meriçliler, Semra Dinçer, Sinem Karel Gürtekin, Köksal Engür, Baran Sükrü Babacan, Tolga Canbeyli, Yigit Alp Karadayi, Seyhan Arman, Murat Prosçiler, Yunus Önder, Levent Tasci, Turgut Özdemir, Tuana Su Alkin, Derya Demirkaya	Ali's illness not only changes his life but also his father. The father, who does his best for his son to heal, starts to run out of it in this process.	4.8	126						1.0
tt9863566	Urbanus: De Vuilnisheld	Urbanus: De Vuilnisheld	2019	2019-02-27	Animation, Comedy	72	Belgium	Dutch	Joost Van Den Bosch, Erik Verkerk	Jimmy Simons, Urbanus	Eyeworks	Urbanus, Ben Segers, Sven De Ridder, Sien Eggers, Ron Cornet, Frances Lefebure, Wout Verstappen, Tuur Verelst, Thijs J. Antonneau, Ludo Hellinx, Dimitri Leue, Pieter Embrechts, Koen van Impe, Tom Van Dyck, Isabelle van Hecke	The adults from Tollembeek make a deal with a Russian who wants to pay them a lot of money to turn the town into a national garbage dump. The children are not happy with this and start to rebel against their parents.	5.4	110					1.0	1.0
tt9866208	Beyond the Line	Beyond the Line	2019	2019-06-04	War	78	Canada	English	Jason Mills	Jason Mills	Coastal Audio	Chris Walters, Jackson Berlin, Darren Andrichuk, Thomas Beckman, Josef Bergen, Garnet Campbell, Paul Fisher, Christopher Girard, Steve Gray, Danny Gurniak, Robert Allan Hughes, Stefen Kloppenburg, Ayden Liebich, Jason Mills, Paul Mills	It's the close of World War II. Unwilling to surrender, rogue German forces shoot down a returning British squadron leaving Sydney Baker wounded and lost with the enemy closing in. He's ...	3.9	188					20.0	1.0
tt9866344	Mon Ami Walid	Mon Ami Walid	2019	2019-01-13	Comedy, Drama	72	Canada	French	Adib Alkhalidey	Adib Alkhalidey, Julien Lacroix		Adib Alkhalidey, Iani Bédard, Christian Bégin, Sophie Cadieux, Danielle Fichaud, Guy Jodoin, Julien Lacroix, Debbie Lynch-White, Laurent Paquin, Marie-Eve Perron, Hubert Proulx, Isabel Richer		5.4	116	CAD 150000					
tt9866700	Paranormal Investigation	Paranormal Investigation	2018	2018-12-01	Horror, Thriller	92	France	French	Franck Phelizon		Baril Pictures	Jose Atuncar, Claudine Bertin, Cedric Henquez, Jean-Baptiste Heuet, Andrei Indreies, Gabriella Jordan, Cedric Maturana, Catalin Morar, Frederic Pare, Pierre Porquet, Effie Rey, Antoine Rodriguez	When a young man becomes possessed after playing a Ouija game,a ghost hunter investigates the evil spirit dwelling within him.	3.7	1299					334.0	11.0
tt9870726	Gholamreza Takhti	Gholamreza Takhti	2019	2019-03-16	Biography, Drama, Sport	105	Iran	Persian	Bahram Tavakoli	Saeid Malekan, Bahram Tavakoli	Farabi Cinema Foundation	Alireza Goudarzi, Mahoor Alvand, Behnoosh Tabatabaei, Farhad Aeesh, Hamid Reza Azarang, Parivash Nazarieh, Shirin Yazdanbakhsh, Siavosh Tahmoures, Atila Pesiani, Setareh Pesyani, Mojtaba Pirzadeh, Banipal Shoomoon, Yadollah Shademani, Masoumeh Ghasemipour, Morteza Rostami	The story of life of Gholam Reza Takhti from his childhood till adulthood, his matches and finally his death.	6.7	630					2.0	6.0
tt9872556	Momenti di trascurabile felicità	Momenti di trascurabile felicità	2019	2019-03-14	Comedy	93	Italy	Italian	Daniele Luchetti	Francesco Piccolo, Francesco Piccolo	IBC Movie	Pif, Thony, Renato Carpentieri, Franz Cantalupo, Vincenzo Ferrera, Roberta Caronia, Angelica Alleruzzo, Francesco Giammarco, Chiara Vinci, Marcello Rimi, Santo D'Aleo, Raffaele Sabato, Vincenzo Catanzaro, Toti Mancuso, Mary Cipolla	After a deadly accident, Paolo comes back on Earth just 92 minutes more, thanks to a calculation error made in a paradise office.	5.5	784			$ 2057341		3.0	11.0
tt9875852	Domovoy	Domovoy	2019	2019-04-11	Comedy, Family, Fantasy	90	Russia	Russian	Evgeniy Bedarev	Dmitriy Bedarev, Evgeniy Bedarev		Anastasiya Abadzhidi, Dmitriy Bedarev, Dmitriy Belotzerkovskiy, Mikhail Bespalov, Sergey Chirkov, Maria Chuvilina, Pavel Derevyanko, Konstantin Glushkov, Ekaterina Guseva, Dmitry Kalistratov, Dmitriy Komissarov, Pavel Kraynov, Aleksandr Kukharenko, Pyotr Natarov, Anatoliy Naumov	A single mother buys a flat in the Soviet high-rise in Moscow, one thing she doesn't know - there is a mythical creature - a home elf (Domovoy in Russian) - lives in the flat for ages. And ...	5.1	168			$ 1842316			
tt9876160	Koridor bessmertiya	Koridor bessmertiya	2019	2019-05-01	Drama, War	125	Russia	Russian	Fyodor Popov	Dmitriy Karalis, Fyodor Popov		Artyom Alekseev, Francisco de Borja De la Bella, Inna Egorova, Darya Ekamasova, Andrey Kharybin, Lidiya Kopina, Valeriy Kukhareshin, Artyom Melnichuk, Aleksandr Oblasov, Tagir Rakhimov, Svetlana Smirnova-Katsagadzhieva, Igor Yasulovich, Aleksandr Yatsenko	Yesterday's Leningrad schoolgirl Masha Yablochkina, after a fierce blockade winter of 1941-1942, comes to the railway courses hoping to survive and gain strength. From there, the girl is ...	5.6	153			$ 680578		4.0	
tt9877340	Nalpathiyonnu	Nalpathiyonnu	2019	2019-11-08	Drama, Romance	134	India	Malayalam	Lal Jose	P.G. Prageesh	Signature Studios	Biju Menon, Sharanjith, Nimisha Sajayan, Dhanya Ananya, Indrans, Suresh Krishna, Aliya Wasim, Gopalakrishnan, Elsi Sukumaran, Subeesh Sudhi, Vijilesh Karayad, Srikant Murali, Geethi Sangeetha, Anand Bal, Shivaji Guruvayoor	This socio-political satire unravels through hilarious incidents when two people - strong followers of Communist ideologies-set out on a pilgrimage to Sabarimala.	5.3	173	INR 50000000		$ 42104		5.0	1.0
tt9878242	Subharathri	Subharathri	2019	2019-07-06	Drama, Romance	130	India	Malayalam	Vyasan K.P.	Vyasan K.P., Vyasan K.P.	Abaam Movies	Dileep, Anu Sithara, Siddique, Suraj Venjaramoodu, Sheelu Abraham, Aju Varghese, Asha Sharath, Shobha Mohan, Nedumudi Venu, Hareesh Peradi, Asokan, Prasanth, Saikumar, Sudhi Koppa, Nandu Poduval	A simple love story between a man and his wife is broken by a series of unfortunate events.	6.0	202	INR 30000000		$ 105932		5.0	
tt9878598	Huisvrouwen bestaan niet 2	Huisvrouwen bestaan niet 2	2019	2019-12-12	Comedy	105	Netherlands	Dutch	Aniëlle Webster	Richard Kemper	Nuts & Bolts Film Company	Jelka van Houten, Eva van de Wijdeven, Loes Luca, Leo Alkemade, Kay Greidanus, Leopold Witte, Jim Bakkum, Skip Wijsmuller, Fred van Leer, Henry van Loon, Robert de Hoog, Tina de Bruin, Patrick Martens, Leny Breederveld, Sabri Saad El-Hamus	Two modern women and their free-spirited mother struggle to find love and happiness.	6.4	210			$ 1937239		2.0	1.0
tt9880982	Dulce Familia	Dulce Familia	2019	2019-05-10	Comedy	101	Mexico, Chile	Spanish	Nicolás López	Guillermo Amoedo, Coca Gómez	Bh5	Paz Bascuñán, Regina Blandón, Fernanda Castillo, Luciano Cruz-Coke, Vadhir Derbez, Vanessa Diaz, Roberto Flores, Mirella Granucci, Ariel Levy, Steffi Lutz, Florinda Meza, Antonio Quercia, Boris Quercia, Rodrigo Trujillo	A successful pastry chef gets engaged to be married. This moment should be the happiest moment of her life, instead, her commitment unleashes in her and her family a series of funny ...	4.5	251			$ 5725043		2.0	1.0
tt9883042	Aakashaganga II	Aakashaganga II	2019	2019-11-01	Horror	142	India	Malayalam	Vinayan		Akash Films	Saranya Anand, Sreenath Bhasi, Dharmajan Bolgatty, Vishnu Govindhan, Hareesh Kanaran, Senthil Krishna, Ramya Krishnan, Salim Kumar, Veena P. Nair, Hareesh Peradi, Sunil Sukhada, Vishnu Vinay	Arathi, accepts a challenge to test the authenticity of an 'Ashram' that claims to help its followers talk to the dead. To her surprise, she communicates with her dead mother who leads her to the dark and hidden secrets of her own family.	2.2	153	INR 50000000		$ 9306		10.0	1.0
tt9883996	Dream Horse	Dream Horse	2020	2020-09-04	Biography, Comedy, Drama	113	UK	English	Euros Lyn	Neil McKay	Ffilm Cymru Wales	Toni Collette, Damian Lewis, Siân Phillips, Joanna Page, Nicholas Farrell, Peter Davison, Owen Teale, Karl Johnson, Katherine Jenkins, Steffan Rhodri, Darren Evans, Lynda Baron, Alan David, Anthony O'Donnell, Di Botcher	Dream Alliance is an unlikely race horse bred by small-town Welsh bartender Jan Vokes. With no experience, Jan convinces her neighbors to chip in their meager earnings to help raise Dream in the hopes he can compete with the racing elites.	5.8	120				68.0	3.0	5.0
tt9886872	Munthiri Monchan	Munthiri Monchan	2019	2019-12-06	Comedy, Romance	130	India	Malayalam	Vijith Nambiar	Manu Gopal, Meharali Poilungal Ismail	Vishvas Movies	Manesh Krishnan, Gopika Anil, Salim Kumar, Devan, Saleema, Binu Adimali, Nair Akhil, Akhila Asokan, Idavela Babu, Niyas Backer, Innocent, Irshad, Anjali Nair, Vishnu Nambiar, Amar Ramachandran	Munthiri Monchan is a feel good urban romantic comedy revolves around Vivek Viswanath, a young marketing guy working in an cinema advertising firm and his accidental meeting with Ima Rajiv,...	8.1	990	INR 30000000		$ 2568		21.0	1.0
tt9887520	Season of Love	Season of Love	2019	2019-11-30	Comedy, Romance	105	USA		Christin Baker	Kathryn Trammell	Tello Films	Dominique Provost-Chalkley, Jessica Clark, Emily Goss, Sandra Mae Frank, Carlin James, Janelle Marie Rodriguez, Laur Allen, Lily Richards, Elana Krausz, Jason Boegh, Matthew Bridges, Sarah Tubert, Carolyn Ratteray, Jake Boldt, Loa Allebach	A queer lady holiday romantic comedy that follows the lives of three very different couples in dealing with their love lives in various loosely interrelated tales all set right before Christmas through New Years.	7.5	228					10.0	5.0
tt9887580	Bulletproof 2	Bulletproof 2	2020	2020-01-07	Action, Comedy	97	USA	English	Don Michael Paul	Don Michael Paul, Rich Wilkes	Universal 1440 Entertainment	Faizon Love, Kirk Fox, Tony Todd, Cassie Clare, Jade Hubner, Tuks Tad Lungu, Noa Milan, Jenna Saras, Pearl Thusi, Jenny Umbhau	Set 25 years after, Jack is now working as a Special Agent with a mission to take down a powerful South African crime family. The officer begrudgingly goes undercover once again, this time taking the identity of Moses.	3.5	326					18.0	5.0
tt9890308	Nasir	Nasir	2020	2020-07-16	Drama	85	India, Netherlands, Singapore	Tamil	Arun Karthick	Arun Karthick	Stray Factory	Valavane Koumarane, Balasubramanian, Jensan Diwakar, Gayathri, Abdul Jaffar, Jaikumar, Meena, Vikramadityan Nambi, Niveditha, Prabanchan, Prasanna, Yasmin Rahman, Rajesh, Sudha Ranganathan, Bharath Rawal	Salesman Nasir lives a contended life with his mother Fatima, wife Taj and nephew Iqbal in a closely populated ghetto. Employed in an apparel shop at the heart of a busy city, the middle ...	7.2	214	EUR 300000				4.0	21.0
tt9892094	Mogul Mowgli	Mogul Mowgli	2020	2020-10-30	Drama	90	UK, USA		Bassam Tariq	Riz Ahmed, Bassam Tariq	Pulse Films	Riz Ahmed, Aiysha Hart, Kiran Sonia Sawar, Nabhaan Rizwan, Alyy Khan, Anjana Vasan, Abdul Hakim Joy, Sudha Bhuchar, Jag Patel, Jill Buchanan, Jeff Mirza, Ali Barouti, Khariis Ubiaro, Olivia Brady, Umesh Wadhvani	A British Pakistani rapper is on the cusp of his first world tour, but is struck down by an illness that threatens to derail his big break.	6.9	143				63.0	1.0	2.0
tt9892338	No Dorai	No Dorai	2019	2019-11-29	Drama	150	Bangladesh	Bengali	Taneem Rahman Angshu	Mahboob Rahman, Shyamal Sengupta		Sayed Babu, Sunerah Binte Kamal, Josefine Lindegaard, Sariful Razz, Hindol Roy, Wasim Sitar	In a small beach town in Bangladesh, fearless Ayesha confronts social prohibition and violent opposition from her poverty-ridden family to surf. Like few other youngsters, she and her best ...	7.2	296	$ 1250000				21.0	2.0
tt9894098	Sathru	Sathru	2019	2019-03-08	Thriller	129	India		Naveen Nanjundan		Milestone Movies	Master Ajithesh, Anal Akilan, A.R. Bala, Aruvi Balaji, Alisha Chopra, Srushti Dange, S. Gurumurthy, Alfha Josh, Karnavel, Kathir, Kesavan, Maimar Keyan, Stills Kumar, Laguparan, Bava Lakshmanan	A kidnapping gone wrong leads to mounting tension between Prabha, the kidnapper, and Kathir, the policeman assigned to the case.	6.0	226			$ 8683		12.0	1.0
tt9894394	Upin & Ipin: Keris Siamang Tunggal	Upin & Ipin: Keris Siamang Tunggal	2019	2019-03-21	Animation	100	Malaysia	Malay	Adam Bin Amiruddin, Syed Nurfaiz Khalid bin Syed Ibrahim	Hjh. Ainon Ariff, Nur Naquyah bt Burhanuddin	Les' Copaque Production	Asyiela Putri Bt Azhar, Mohd Amir Asyraf Bin Mohd Noor Rashid, Irfan Fahim Bin Mohd Irman, Ahmad Mawardi Bin Abdul Rahman, Fakhrul Razi Ibrahim, Muhammad Fareez Daniel Bin Sharabuddin, Muhammad Musyrif Azzat Bin Mohd Azzuan, Tang Ying Sowk, Rufaidah Bt Mohamed Fadzil, Andhika Astari, Ahmad Razuri bin Roseli, Siti Hasmah Bt Taiban, Muhammad Shamer Bin Hj Nazli, Adam Bin Amiruddin, Nik Ahmad Rasyidi Bin Nik Othman	Upin, Ipin and their friends come across a mystical 'keris' that opens up a portal and transports them straight into the heart of a kingdom.	7.9	440	MYR 20000000		$ 83857		61.0	1.0
tt9894440	Min pappa Marianne	Min pappa Marianne	2020	2020-02-21	Comedy, Drama	110	Sweden	Swedish	Mårten Klingberg	Cilla Jackert, Daniel Karlsson	Avanti Film	Hedda Stiernstedt, Rolf Lassgård, Lena Endre, Klas Wiljergård, Nour El-Refai, Kajsa Ernst, Ralph Carlsson, Mårten Klingberg, Vilhelm Blomgren, Mikaela Knapp, Wilhelm Johansson, Johan Karlberg, Marie Delleskog, Lotta Karlsson, Astrid Stang-Lund Sanne	After breaking up with her boyfriend, 28 year old aspiring journalist Hanna decides to leave Stockholm and moves back to her parents and brother in her small hometown Alingsås. After ...	7.2	545			$ 40772		1.0	5.0
tt9894470	VFW	VFW	2019	2020-02-14	Action, Crime, Horror	92	USA	English	Joe Begos	Max Brallier, Matthew McArdle	Fangoria	Stephen Lang, William Sadler, Fred Williamson, Martin Kove, David Patrick Kelly, George Wendt, Tom Williamson, Sierra McCormick, Travis Hammer, Dora Madison, Josh Ethier, Graham Skipper, Linnea Wilson, Jesse Kove, Brandon Potter	A group of old war veterans put their lives on the line to defend a young woman taking shelter in their local VFW post, who's running from a deranged drug dealer and his relentless army of drug addled punks.	6.1	4178			$ 23101	72.0	83.0	94.0
tt9896916	The Pilgrim's Progress	The Pilgrim's Progress	2019	2019-04-18	Animation, Adventure, Family	108	USA	English	Robert Fernandez	John Bunyan, Robert Fernandez	Cat In The Mill Studio	David Thorpe, John Rhys-Davies, Kristyn Getty, Tristan Beint, Justin Butcher, Stephen Daltry, Andy Harrison, Jasmine Jones, Jonathan Keeble, Rachel Marquez, Chris Pavlo, Alison Pettit, Ben Price, Lisa Ronaghan, Andrew Wyncott	An epic journey, faithfully adapted to modern-day. Christian faces distractions, challenges, and perils at every turn of the way. But ends victorious, with helpful guides, as he stays on the narrow path to the distant Celestial City.	5.7	442		$ 1294596	$ 3173282		28.0	3.0
tt9898858	Coffee & Kareem	Coffee & Kareem	2020	2020-04-03	Action, Comedy	88	USA	English	Michael Dowse	Shane Mack	Pacific Electric Picture Company	Ed Helms, Taraji P. Henson, Terrence Little Gardenhigh, Betty Gilpin, RonReaco Lee, David Alan Grier, Andrew Bachelor, William 'Big Sleeps' Stewart, Serge Houde, Eduard Witzke, Chance Hurstfield, Diana Bang, Erik McNamee, Samantha Cole, Terry Chen	Twelve-year-old Kareem Manning hires a criminal to scare his mom's new boyfriend -police officer James Coffee - but it backfires, forcing Coffee and Kareem to team up in order to save themselves from Detroit's most ruthless drug kingpin.	5.1	10627				35.0	388.0	64.0
tt9899850	Ashoftegi	Ashoftegi	2019	2019-12-18	Crime, Mystery, Thriller	86	Iran	Persian	Fereydoun Jeyrani	Fereydoun Jeyrani		Bahram Radan, Mahnaz Afshar, Mehran Ahmadi, Nazanin Solhjoo, Ali Milani, Nasim Adabi, Shahrashub Roghanian, Ehsan Mohammadi	The story of a twin brothers Bardia And Barbod who meet each other after many years. But during a quarrel between them Bardia who is a rich successful man gets killed. His brother Barbod ...	3.9	138					2.0	26.0
tt9899880	Columbus	Columbus	2018	2018-12-05	Comedy, Drama	82	Iran	Persian, English	Hatef Alimardani	Hatef Alimardani		Farhad Aslani, Majid Salehi, Saeed Poursamimi, Shabnam Moghadami, Hanie Tavassoli, Mitra Rafee, Erfan Ebrahimi, Farideh Sepah Mansour, Gity Ghasemi, Nima Niktabe, Farnush Nikandish, Arsam Rahmani Manesh	A rich family are deciding to immigrate to the USA but the son of the family Manuchehr is plotting to take the money for himself instead and ruins their plan for migration.	4.0	209						13.0
tt9900060	Lupin III: La menzogna di Fujiko Mine	Lupin the IIIrd: Mine Fujiko no Uso	2019	2019-05-31	Animation, Adventure, Crime	58	Japan	Japanese	Takeshi Koike	Monkey Punch, Laura Megan Stahl	TMS Entertainment	Kan'ichi Kurita, Kiyoshi Kobayashi, Miyuki Sawashiro, Mamoru Miyano, Tomoe Hanba, Masato Obara, Mayumi Asano, Biichi Satoh, Yasuyoshi Hara, Takeshi Hayakawa, Naoto Tsuchiya, Nikray Farahnaz, Jake Eberle, Katelyn Gault, Erika Harlacher	Fujiko befriends a young boy whose late father hid away a treasure, but a killer is on the boy's trail.	6.9	103					1.0	1.0
tt9900782	Kaithi	Kaithi	2019	2019-10-25	Action, Thriller	145	India	Tamil	Lokesh Kanagaraj	Lokesh Kanagaraj, Pon Parthiban	Dream Warrior Pictures	Karthi, Narain, Ramana, George Maryan, Harish Uthaman, Hareesh Peradi, Dheena, Kanna Ravi, Amzath Khan, Arun Alexander, Lallu, Vatsan Chakravarthy, Udayaraj, Kishore Rajkumar, Deepthi	A recently released prisoner becomes involved in a chase with criminals as he races against time to drive poisoned cops to hospital in exchange for meeting his daughter.	8.5	8400	INR 240000000		$ 524061		188.0	8.0
tt9903716	Jessie	Jessie	2019	2019-03-15	Horror, Thriller	106	India	Telugu	Aswani Kumar V.	Aswani Kumar V.	Ekaa Art Production	Ashima Narwal, Sritha Chandana, Atul Kulkarni, Kabir Duhan Singh, Archana Shastry, Pavani Gangireddy, Abhinav Gomatam, Vimal Krishna, Abhishek Maharshi, Purnima Maudgil, Sudharani, Hassan Shameer, Sridhar Gowda, Sridhar, Baburao	Set in an abandoned house, the film follows a team of professional ghost hunters trying to conduct a paranormal investigation to unveil the mystery of two sisters, Jessie and Amy, where Amy shows unusual mental and physical behaviour.	7.0	318					27.0	
tt9904250	La reina de los lagartos	La reina de los lagartos	2019	2019-10-05	Fantasy	63		Spanish, Catalan	Juan González, Nando Martínez	Juan González, Nando Martínez	Aquí y Allí Films	Javier Botet, Bruna Cusí, Miki Esparbé, Ivan Labanda	A spaceship is about to come to pick up Javi, so him and Berta have to put an end to their summer love.	4.8	103						5.0
tt9904802	Enemy Lines	Enemy Lines	2020	2020-05-04	War	92	UK	English, Polish, Russian, German	Anders Banke	Michael Wright, Tom George	Happy Hour Films	Ed Westwick, John Hannah, Tom Wisdom, Corey Johnson, Pawel Delag, Gary Grant, Daniel Jillings, Scott Haining, Ekaterina Vladimirova, Vladimir Epifantsev, Kirill Pletnyov, Patrik Karlson, Andrey Karako, Jean-Marc Birkholz, Aleksandr Zlatopolskiy	In the frozen, war torn landscape of occupied Poland during World War II, a crack team of allied commandos are sent on a deadly mission behind enemy lines to extract a rocket scientist from the hands of the Nazis.	5.0	764					29.0	6.0
tt9905412	Ottam	Ottam	2019	2019-03-08	Drama	120	India	Malayalam	Zam	Rajesh k Narayan	Thomas Thiruvalla Films	Nandu Anand, Roshan Ullas, Manikandan R. Achari, Alencier Ley Lopez, Kalabhavan Shajohn, Rohini, Madhuri Dilip, Althaf, Sudheer Karamana, Thezni Khan, Rajesh Sharma	Set in Trivandrum, the story of Ottam unfolds in a day, and progresses through the lives of two youngsters - Abhi and Vinay. What does destiny have in store for these young men?	7.4	494	INR 4000000		$ 4791		1.0	
tt9905462	Pengalila	Pengalila	2019	2019-03-08	Drama	111	India	Malayalam	T.V. Chandran	T.V. Chandran	Benzy Productions	Lal, Akshara Kishor, Iniya, Narain, Renji Panicker, Indrans, Priyanka Nair	An unusual bond between a sixty year old Dalit worker Azhagan and an eight year old middle class girl Radha. Within no time their bond grows stronger. However, his proximity to Radha and her mother doesn't go down well with Radha's father.	8.8	553	INR 10000000					
tt9906644	Manoharam	Manoharam	2019	2019-09-27	Comedy, Drama	122	India	Malayalam	Anvar Sadik		chakkalakal Films	Vineeth Sreenivasan, Aparna Das, Basil Joseph, Indrans, Delhi Ganesh, Deepak Parambol, Hareesh Peradi, Nandu, Sreelakshmi, Ahamed Siddique, Nandini Sree, V.K. Prakash, Kalaranjini, Jude Anthany Joseph, Nisthar Sait	Manoharan is a poster artist struggling to find respect for his profession, after the advent of printing technology. He tries hard to get into the mainstream, by picking up design software skills. Will he succeed?	6.8	491					9.0	1.0
tt9908390	Le lion	Le lion	2020	2020-01-29	Comedy	95	France, Belgium	French	Ludovic Colbeau-Justin	Alexandre Coquelle, Matthieu Le Naour	Monkey Pack Films	Dany Boon, Philippe Katerine, Anne Serra, Samuel Jouy, Sophie Verbeeck, Carole Brana, Benoît Pétré, Aksel Ustun, Mathieu Lardot, Olivier Sa, Julien Prevost, Antoine Mathieu, David Ban, Stan, Guillaume Clémencin	"A psychiatric hospital patient pretends to be crazy. In charge of caring for this patient, a caregiver will begin to doubt the mental state of his ""protégé""."	5.3	398			$ 3507171			4.0
tt9911196	De Beentjes van Sint-Hildegard	De Beentjes van Sint-Hildegard	2020	2020-02-13	Comedy, Drama	103	Netherlands	German, Dutch	Johan Nijenhuis	Radek Bajgar, Herman Finkers	Johan Nijenhuis & Co	Herman Finkers, Johanna ter Steege, Leonie ter Braak, Stef Assen, Annie Beumers, Jos Brummelhuis, Reinier Bulder, Daphne Bunskoek, Karlijn Koel, Karlijn Lansink, Marieke Lustenhouwer, Jan Roerink, Ferdi Stofmeel, Aniek Stokkers, Belinda van der Stoep	A middle-aged veterinary surgeon believes his wife pampers him too much. In order to get away from her, he fakes the onset of dementia.	7.7	724			$ 7299062		6.0	4.0
tt9911774	Padmavyuhathile Abhimanyu	Padmavyuhathile Abhimanyu	2019	2019-03-08	Drama	130	India	Malayalam	Vineesh Aaradya	Vineesh Aaradya, Vineesh Aaradya	RMCC Productions	Anoop Chandran, Indrans, Sona Nair, Simon Britto Rodrigues		7.9	265						
tt9914286	Sokagin Çocuklari	Sokagin Çocuklari	2019	2019-03-15	Drama, Family	98	Turkey	Turkish	Ahmet Faik Akinci	Ahmet Faik Akinci, Kasim Uçkan	Gizem Ajans	Ahmet Faik Akinci, Belma Mamati, Metin Keçeci, Burhan Sirmabiyik, Orhan Aydin, Tevfik Yapici, Yusuf Eksi, Toygun Ates, Aziz Özuysal, Dilek Ölekli, Arcan Bunial, Seval Hislisoy, Ergül Çolakoglu, Gülçin Ugur, Ibrahim Balaban		6.4	194			$ 2833			
tt9914942	La vida sense la Sara Amat	La vida sense la Sara Amat	2019	2020-02-05	Drama	74	Spain	Catalan	Laura Jou	Coral Cruz, Pep Puig	La Xarxa de Comunicació Local	Maria Morera Colomer, Biel Rossell Pelfort, Isaac Alcayde, Lluís Altés, Joan Amargós, Pepo Blasco, Cesc Casanovas, Oriol Cervera, Pau Escobar, Jordi Figueras, Arés Fuster, Judit Martín, Martí Múrcia, Mariona Pagès, Francesca Piñón	Pep, a 13-year-old boy, is in love with a girl from his grandparents village, Sara Amat. One summer night Sara disappears without a trace. After a few hours, Pep finds her hiding in his room.	6.7	102			$ 59794			2.0
